<?xml version="1.0" encoding="utf-8" ?>
<dwsync>
<file name="infowindow_arrow.png" server="C:/wamp/www/lafaietefacil/" local="130431783380000000" remote="130431783380000000" />
<file name="infowindow_top.png" server="C:/wamp/www/lafaietefacil/" local="130431783380000000" remote="130431783380000000" />
<file name="infowindow_content.png" server="C:/wamp/www/lafaietefacil/" local="130431783380000000" remote="130431783380000000" />
<file name="c_red.png" server="C:/wamp/www/lafaietefacil/" local="130431783380000000" remote="130431783380000000" />
<file name="c_green.png" server="C:/wamp/www/lafaietefacil/" local="130431783380000000" remote="130431783380000000" />
<file name="c_blue.png" server="C:/wamp/www/lafaietefacil/" local="130431783380000000" remote="130431783380000000" />
<file name="infowindow_arrow.png" server="C:/wamp/www/www.iuzi.com.br/" local="130431783380000000" remote="130431783380000000" />
<file name="infowindow_top.png" server="C:/wamp/www/www.iuzi.com.br/" local="130431783380000000" remote="130431783380000000" />
<file name="infowindow_content.png" server="C:/wamp/www/www.iuzi.com.br/" local="130431783380000000" remote="130431783380000000" />
<file name="c_red.png" server="C:/wamp/www/www.iuzi.com.br/" local="130431783380000000" remote="130431783380000000" />
<file name="c_green.png" server="C:/wamp/www/www.iuzi.com.br/" local="130431783380000000" remote="130431783380000000" />
<file name="c_blue.png" server="C:/wamp/www/www.iuzi.com.br/" local="130431783380000000" remote="130431783380000000" />
</dwsync>